<?xml version="1.0" encoding="UTF-8"?>
<!--

	Copyright 2008 Faculty of Mathematics, Informatics and Mechanics - University of Warsaw and the project's contributors (see changelog). Licensed under the
	Apache License, Version 2.0 (the "License"); you may not use this file except in compliance with the License. You may obtain a copy of the License at
	http://www.apache.org/licenses/LICENSE-2.0 Unless required by applicable law or agreed to in writing, software distributed under the License is distributed
	on an "AS IS" BASIS, WITHOUT WARRANTIES OR CONDITIONS OF ANY KIND, either express or implied. See the License for the specific language governing
	permissions and limitations under the License.
  -->
<beans xmlns="http://www.springframework.org/schema/beans" xmlns:xsi="http://www.w3.org/2001/XMLSchema-instance" xsi:schemaLocation="     http://www.springframework.org/schema/beans http://www.springframework.org/schema/beans/spring-beans.xsd" default-autowire="byName">
  <import resource="classpath*:spring-context.xml"/>
  <import resource="classpath:store-berkeley-test-context.xml"/>
  <bean name="enhancedStore" class="pl.edu.mimuw.jloxim.stores.utils.common.PathNamesObservingAndProvidingStoreAS0Impl">
    <property name="backingStore" ref="store"/>
  </bean>
  <bean name="namesTranslator" class="pl.edu.mimuw.jloxim.stores.as0.basic.NamesTranslatorImpl"/>
  <bean name="xmlImporter" class="pl.edu.mimuw.jloxim.stores.utils.xml.importer.XmlImporter" autowire="default">
    <property name="as0objectFactory" ref="as0ObjectsFactory"/>
    <property name="atomicValueFactory" ref="atomicValueFactory"/>
    <property name="storeAS0" ref="store"/>
    <property name="namesTranslator" ref="namesTranslator"/>
  </bean>
</beans>
