<?xml version="1.0" encoding="UTF-8"?>
<!--

    Copyright 2008 Faculty of Mathematics, Informatics and Mechanics - University of Warsaw and the project's contributors (see changelog). Licensed under the
    Apache License, Version 2.0 (the "License"); you may not use this file except in compliance with the License. You may obtain a copy of the License at
    http://www.apache.org/licenses/LICENSE-2.0 Unless required by applicable law or agreed to in writing, software distributed under the License is distributed
    on an "AS IS" BASIS, WITHOUT WARRANTIES OR CONDITIONS OF ANY KIND, either express or implied. See the License for the specific language governing
    permissions and limitations under the License.
  -->
<beans xmlns="http://www.springframework.org/schema/beans" xmlns:xsi="http://www.w3.org/2001/XMLSchema-instance" xsi:schemaLocation="http://www.springframework.org/schema/beans http://www.springframework.org/schema/beans/spring-beans.xsd" default-autowire="byName">
  <!-- =========================== NamesTranslator ======================================= -->
  <bean name="envConfig" class="com.sleepycat.je.EnvironmentConfig">
    <property name="allowCreate" value="true"/>
    <property name="transactional" value="true"/>
    <property name="cacheSize" value="1000000"/>
  </bean>
  <bean name="namesTranslatorDBconfig" class="com.sleepycat.je.DatabaseConfig">
    <property name="allowCreate" value="true"/>
    <property name="exclusiveCreate" value="false"/>
    <property name="deferredWrite" value="true"/>
    <property name="sortedDuplicates" value="false"/>
  </bean>
  <bean name="berkeley-envFactory" class="pl.edu.mimuw.jloxim.stores.as0.bdb_je.BerkeleyTemporaryEnvironmentFactory">
    <property name="envConfig" ref="envConfig"/>
  </bean>
  <bean name="berkeley-namesTranslator" abstract="true" class="pl.edu.mimuw.jloxim.stores.as0.bdb_je.names.BerkeleyNamesTranslator" destroy-method="close" init-method="init">
    <property name="dbConfig" ref="namesTranslatorDBconfig"/>
    <property name="environment" ref="berkeley-env"/>
  </bean>
  <!-- ======================== Berkeley transaction manager ================================== -->
  <bean name="commonTransConf" class="com.sleepycat.je.TransactionConfig">
    <!-- property name="durability" value="SyncPolicy"/-->
    <property name="noSync" value="false"/>
    <property name="noWait" value="false"/>
    <property name="writeNoSync" value="false"/>
  </bean>
  <bean name="berkeley-transactionManager" abstract="true" class="pl.edu.mimuw.jloxim.stores.as0.bdb_je.trans.BerkeleyTransactionManager">
    <constructor-arg name="environment" ref="berkeley-env"/>
    <constructor-arg name="txcConfsMap">
      <map>
        <entry key="READ_UNCOMMITED">
          <bean parent="commonTransConf">
            <property name="readCommitted" value="false"/>
            <property name="readUncommitted" value="true"/>
          </bean>
        </entry>
        <entry key="READ_COMMITED">
          <bean parent="commonTransConf">
            <property name="readCommitted" value="true"/>
            <property name="readUncommitted" value="false"/>
          </bean>
        </entry>
        <entry key="REPETABLE_READS">
          <bean parent="commonTransConf">
            <property name="readCommitted" value="false"/>
            <property name="readUncommitted" value="false"/>
          </bean>
        </entry>
        <entry key="SERIALIZABLE">
          <bean parent="commonTransConf">
            <property name="readCommitted" value="false"/>
            <property name="readUncommitted" value="false"/>
          </bean>
        </entry>
      </map>
    </constructor-arg>
  </bean>
  <!-- ======================== Berkeley store ================================== -->
  <bean name="testDbConfig" class="com.sleepycat.je.DatabaseConfig">
    <property name="allowCreate" value="true"/>
    <property name="exclusiveCreate" value="false"/>
    <property name="deferredWrite" value="false"/>
    <property name="sortedDuplicates" value="false"/>
    <property name="transactional" value="true"/>
  </bean>
  <bean name="childIndexDbConfig" class="com.sleepycat.je.SecondaryConfig">
    <property name="allowCreate" value="true"/>
    <property name="transactional" value="true"/>
    <property name="sortedDuplicates" value="true"/>
    <property name="keyCreator">
      <bean class="pl.edu.mimuw.jloxim.stores.as0.bdb_je.store.entry.StoreEntryChildKeyCreator">
        <property name="storeEntryTupleBinding" ref="storeEntryTupleBinding"/>
      </bean>
    </property>
  </bean>
  <bean name="refererIndexDbConfig" class="com.sleepycat.je.SecondaryConfig">
    <property name="allowCreate" value="true"/>
    <property name="transactional" value="true"/>
    <property name="sortedDuplicates" value="true"/>
    <property name="keyCreator">
      <bean class="pl.edu.mimuw.jloxim.stores.as0.bdb_je.store.entry.StoreEntryRefererKeyCreator">
        <property name="storeEntryTupleBinding" ref="storeEntryTupleBinding"/>
      </bean>
    </property>
  </bean>
  <bean name="sequenceConfig" class="com.sleepycat.je.SequenceConfig">
    <property name="allowCreate" value="true"/>
    <property name="cacheSize" value="1000"/>
    <property name="initialValue" value="1"/>
  </bean>
  <bean name="storeEntryTupleBinding" class="pl.edu.mimuw.jloxim.stores.as0.bdb_je.store.entry.StoreEntryTupleBinding">
    <property name="atomicValueFactory" ref="atomicValueFactory"/>
  </bean>
  <bean name="berkeley-store" 
		abstract="true" 
		class="pl.edu.mimuw.jloxim.stores.as0.bdb_je.store.BerkeleyAS0StoreWithLogicalLocksSupport" 
		destroy-method="close" 
		init-method="init">
    <property name="environment" ref="berkeley-env"/>
    <property name="dbConfig" ref="testDbConfig"/>
    <property name="childIndexDbConfig" ref="childIndexDbConfig"/>
    <property name="refererIndexDbConfig" ref="refererIndexDbConfig"/>
    <property name="sequenceDbConfig" ref="sequenceConfig"/>
    <property name="storeEntryTupleBinding" ref="storeEntryTupleBinding"/>
  </bean>
</beans>
