<?xml version="1.0" encoding="UTF-8" standalone="yes"?>
<!--

      Licensed to the Apache Software Foundation (ASF) under one or more
      contributor license agreements.  See the NOTICE file distributed with
      this work for additional information regarding copyright ownership.
      The ASF licenses this file to You under the Apache License, Version 2.0
      (the "License"); you may not use this file except in compliance with
      the License.  You may obtain a copy of the License at

         http://www.apache.org/licenses/LICENSE-2.0

      Unless required by applicable law or agreed to in writing, software
      distributed under the License is distributed on an "AS IS" BASIS,
      WITHOUT WARRANTIES OR CONDITIONS OF ANY KIND, either express or implied.
      See the License for the specific language governing permissions and
      limitations under the License.
-->
<features xmlns="http://karaf.apache.org/xmlns/features/v1.0.0" name="framework-${project.version}">

    <!-- This file is not used in the assembly., This file is used by the karaf-maven-plugin to generate a "final" feature.xml
              including the correct start-level for the generation of the startup.propertie file -->

    <feature version="${project.version}" description="Karaf core feature" name="framework">
        <bundle start="true" start-level="5">mvn:org.ops4j.base/ops4j-base-lang/${pax.base.version}</bundle>
        <bundle start="true" start-level="5">mvn:org.apache.servicemix.bundles/org.apache.servicemix.bundles.junit/${junit3.bundle.version}</bundle>
        <bundle start="true" start-level="5">mvn:biz.aQute/bndlib/${bndlib.version}</bundle>
        <bundle start="true" start-level="5">mvn:org.ops4j.pax.swissbox/pax-swissbox-bnd/${pax.swissbox.version}</bundle>
        <bundle start="true" start-level="5">mvn:org.ops4j.pax.url/pax-url-maven-commons/${pax.url.version}</bundle>
        <bundle start="true" start-level="5">mvn:org.ops4j.pax.url/pax-url-aether/${pax.url.version}</bundle>
        <bundle start="true" start-level="5">mvn:org.ops4j.pax.url/pax-url-wrap/${pax.url.version}</bundle>
        <bundle start="true" start-level="8">mvn:org.ops4j.pax.logging/pax-logging-api/${pax.logging.version}</bundle>
        <bundle start="true" start-level="8">mvn:org.ops4j.pax.logging/pax-logging-service/${pax.logging.version}</bundle>
        <bundle start="true" start-level="10">mvn:org.apache.felix/org.apache.felix.configadmin/${felix.configadmin.version}</bundle>
        <bundle start="true" start-level="11">mvn:org.apache.felix/org.apache.felix.fileinstall/${felix.fileinstall.version}</bundle>
        <bundle start="true" start-level="12">mvn:org.ow2.asm/asm-all/${asm.version}</bundle>
        <bundle start="true" start-level="20">mvn:org.apache.aries/org.apache.aries.util/${aries.util.version}</bundle>
        <bundle start="true" start-level="20">mvn:org.apache.aries.proxy/org.apache.aries.proxy.api/${aries.proxy.api.version}</bundle>
        <bundle start="true" start-level="20">mvn:org.apache.aries.proxy/org.apache.aries.proxy.impl/${aries.proxy.version}</bundle>
        <bundle start="true" start-level="20">mvn:org.apache.aries.blueprint/org.apache.aries.blueprint.api/${aries.blueprint.api.version}</bundle>
        <bundle start="true" start-level="20">mvn:org.apache.aries.blueprint/org.apache.aries.blueprint.cm/${aries.blueprint.cm.version}</bundle>
        <bundle start="true" start-level="20">mvn:org.apache.aries.blueprint/org.apache.aries.blueprint.core.compatibility/${aries.blueprint.core.compatibility.version}</bundle>
        <bundle start="true" start-level="20">mvn:org.apache.aries.blueprint/org.apache.aries.blueprint.core/${aries.blueprint.core.version}</bundle>
        <bundle start="true" start-level="24">mvn:org.apache.karaf.deployer/org.apache.karaf.deployer.spring/${project.version}</bundle>
        <bundle start="true" start-level="24">mvn:org.apache.karaf.deployer/org.apache.karaf.deployer.blueprint/${project.version}</bundle>
        <bundle start="true" start-level="24">mvn:org.apache.karaf.deployer/org.apache.karaf.deployer.wrap/${project.version}</bundle>
        <bundle start="true" start-level="25">mvn:org.apache.karaf.region/org.apache.karaf.region.core/${project.version}</bundle>
        <bundle start="true" start-level="25">mvn:org.apache.karaf.features/org.apache.karaf.features.core/${project.version}</bundle>
        <bundle start="true" start-level="26">mvn:org.apache.karaf.deployer/org.apache.karaf.deployer.features/${project.version}</bundle>
    </feature>

</features>
