<?xml version="1.0"?>
<!--
 Licensed to the Apache Software Foundation (ASF) under one
 or more contributor license agreements.  See the NOTICE file
 distributed with this work for additional information
 regarding copyright ownership.  The ASF licenses this file
 to you under the Apache License, Version 2.0 (the
 "License"); you may not use this file except in compliance
 with the License.  You may obtain a copy of the License at

   http://www.apache.org/licenses/LICENSE-2.0

 Unless required by applicable law or agreed to in writing,
 software distributed under the License is distributed on an
 "AS IS" BASIS, WITHOUT WARRANTIES OR CONDITIONS OF ANY
 KIND, either express or implied.  See the License for the
 specific language governing permissions and limitations
 under the License.
-->
<!DOCTYPE Configure PUBLIC "-//Mort Bay Consulting//
DTD Configure//EN" "http://jetty.mortbay.org/configure.dtd">

<Configure class="org.eclipse.jetty.server.Server">

    <!-- =========================================================== -->
    <!-- Set connectors -->
    <!-- =========================================================== -->
    <!-- One of each type! -->
    <!-- =========================================================== -->

    <!-- 
         !!WARNING!! We use a blocking instead of a selector connector here to 
         make the default configuration avoid the jetty issue 357318. If you're 
         sure that the JDK/JRE you're usign does not face that issue feel free 
         to change that back but please make sure that you've read the Jetty
         bug and make sure that it does not affect you first! !! WARNING!!
    -->
    <Call name="addConnector">
        <Arg>
            <New class="org.eclipse.jetty.server.nio.BlockingChannelConnector">
                <Set name="host">
                    <Property name="jetty.host" />
                </Set>
                <Set name="port">
                    <Property name="jetty.port" default="8181"/>
                </Set>
                <Set name="maxIdleTime">300000</Set>
                <Set name="Acceptors">1</Set>
                <Set name="statsOn">false</Set>
                <Set name="confidentialPort">8443</Set>
            </New>
        </Arg>
    </Call>

    <!-- =========================================================== -->
    <!-- Configure Authentication Realms -->
    <!-- Realms may be configured for the entire server here, or -->
    <!-- they can be configured for a specific web app in a context -->
    <!-- configuration (see $(jetty.home)/contexts/test.xml for an -->
    <!-- example). -->
    <!-- =========================================================== -->
    <Call name="addBean">
        <Arg>
            <New class="org.eclipse.jetty.plus.jaas.JAASLoginService">
                <Set name="name">karaf</Set>
                <Set name="loginModuleName">karaf</Set>
                <Set name="roleClassNames">
                    <Array type="java.lang.String">
                        <Item>org.apache.karaf.jaas.boot.principal.RolePrincipal
                        </Item>
                    </Array>
                </Set>
            </New>
        </Arg>
    </Call>
    <Call name="addBean">
        <Arg>
            <New class="org.eclipse.jetty.plus.jaas.JAASLoginService">
                <Set name="name">default</Set>
                <Set name="loginModuleName">karaf</Set>
                <Set name="roleClassNames">
                    <Array type="java.lang.String">
                        <Item>org.apache.karaf.jaas.boot.principal.RolePrincipal
                        </Item>
                    </Array>
                </Set>
            </New>
        </Arg>
    </Call>

</Configure>
