<?xml version="1.0" encoding="UTF-8"?>
<!--

    Copyright 2008 Faculty of Mathematics, Informatics and Mechanics - University of Warsaw
    and the project's contributors (see changelog).

    Licensed under the Apache License, Version 2.0 (the "License");
    you may not use this file except in compliance with the License.
    You may obtain a copy of the License at http://www.apache.org/licenses/LICENSE-2.0

    Unless required by applicable law or agreed to in writing, software distributed under
    the License is distributed on an "AS IS" BASIS, WITHOUT WARRANTIES OR CONDITIONS OF ANY KIND,
    either express or implied. See the License for the specific language governing permissions
    and limitations under the License.

-->
<beans xmlns="http://www.springframework.org/schema/beans" xmlns:xsi="http://www.w3.org/2001/XMLSchema-instance" xsi:schemaLocation="http://www.springframework.org/schema/beans http://www.springframework.org/schema/beans/spring-beans.xsd">
  <bean name="schemaParser" class="pl.edu.mimuw.jloxim.stores.schema.impl.parser.antlr.SchemaParserImpl"/>
  <bean name="metabase" class="pl.edu.mimuw.jloxim.stores.schema.impl.metabase.MetabaseEditableImpl">
    <property name="backingStore" ref="pathNamesObservingAndProvidingStoreAS0"/>
    <property name="objectsFactory" ref="as0ObjectsFactory"/>
    <property name="atomicValFacory" ref="atomicValueFactory"/>
    <property name="namesTransaltor" ref="namesTranslator"/>
  </bean>
  <bean name="schemaProvider" class="pl.edu.mimuw.jloxim.stores.schema.impl.CachedSchemaProviderImpl">
    <property name="persistentSchema" ref="metabase"/>
    <property name="transactionManager" ref="transactionManager"/>
    <property name="namesTransalator" ref="namesTranslator"/>
  </bean>
  <bean name="typesFactory" class="pl.edu.mimuw.jloxim.stores.schema.impl.types.TypesFactoryImpl"/>
  <bean name="signaturesFactory" class="pl.edu.mimuw.jloxim.stores.schema.impl.signatures.SignaturesFactoryImpl"/>
  <bean name="pathNamesObservingAndProvidingStoreAS0" class="pl.edu.mimuw.jloxim.stores.utils.common.PathNamesObservingAndProvidingStoreAS0Impl">
    <property name="backingStore" ref="store"/>
  </bean>
  <bean name="schemaAwareStore" class="pl.edu.mimuw.jloxim.stores.schema.impl.SchemaAwareStoreAS0Impl">
    <property name="lazySchemaCheckingActive" value="false"/>
    <property name="schemaProvider" ref="schemaProvider"/>
    <property name="backingStorePathNameProviding" ref="pathNamesObservingAndProvidingStoreAS0"/>
    <property name="namesTranslator" ref="namesTranslator"/>
    <property name="objectsFactory" ref="as0ObjectsFactory"/>
    <property name="atomicValFacory" ref="atomicValueFactory"/>
  </bean>
  <bean name="lockManager" class="pl.edu.mimuw.jloxim.lock_mgrs.dread.deadlock.LockManagerWithDeadlockDetectingSynchroImpl"/>
</beans>
