<?xml version="1.0" encoding="UTF-8"?>
<!--
   Licensed under the Apache License, Version 2.0 (the "License");
   you may not use this file except in compliance with the License.
   You may obtain a copy of the License at

         http://www.apache.org/licenses/LICENSE-2.0

   Unless required by applicable law or agreed to in writing, software
   distributed under the License is distributed on an "AS IS" BASIS,
   WITHOUT WARRANTIES OR CONDITIONS OF ANY KIND, either express or implied.
   See the License for the specific language governing permissions and
   limitations under the License.
-->
<blueprint xmlns="http://www.osgi.org/xmlns/blueprint/v1.0.0"
    xmlns:ext="http://aries.apache.org/blueprint/xmlns/blueprint-ext/v1.0.0">

    <ext:property-placeholder/>

    <bean id="servletEventHandler" class="org.apache.karaf.http.core.internal.ServletEventHandler"/>

    <service id="servletListener" interface="org.ops4j.pax.web.service.spi.ServletListener" ref="servletEventHandler"/>
    
    <bean id="servletService" class="org.apache.karaf.http.core.internal.ServletServiceImpl">
        <argument ref="servletEventHandler"/>
    </bean>
    
    <service interface="org.apache.karaf.http.core.ServletService" ref="servletService"/>

    <bean id="httpMBean" class="org.apache.karaf.http.core.internal.Http">
        <argument ref="servletService"/>
    </bean>
    
    <service ref="httpMBean" auto-export="interfaces">
        <service-properties>
            <entry key="jmx.objectname" value="org.apache.karaf:type=http,name=${karaf.name}"/>
        </service-properties>
    </service>

</blueprint>